<?xml version="1.0" encoding="UTF-8"?>
<teamcity-plugin xmlns:xsi="http://www.w3.org/2001/XMLSchema-instance"
                 xsi:noNamespaceSchemaLocation="urn:shemas-jetbrains-com:teamcity-plugin-v1-xml">
    <info>
        <name>tSQLt Runner</name>
        <display-name>TeamCity runner for the tSQLt testing framework</display-name>
        <version>0.1 Alpha</version> <!-- will be replaced from script -->
        <vendor>
            <name>Cristian Prieto</name>  <!-- will be replaced from script -->
            <url>http://github.com/cprieto/tsqlt-teamcity</url> <!-- will be replaced from script -->
        </vendor>
    </info>
    <deployment use-separate-classloader="true"/>
</teamcity-plugin>